Fecha_Hora,Producto,Precio,Opciones_Pago
2026-08-05 21:49:17,DJI Neo 2,15454,15 meses sin intereses
2026-08-05 21:49:29,Insta360 GO Ultra,11299,12 meses sin intereses
2026-08-05 21:49:40,Insta360 X5,13699,12 meses sin intereses
2026-08-05 21:52:04,DJI Neo 2,8819,15 meses sin intereses
2026-08-05 21:52:16,Insta360 GO Ultra,11299,12 meses sin intereses
2026-08-05 21:52:27,Insta360 X5,13699,12 meses sin intereses
2026-08-05 22:21:01,DJI Neo 2,8819,15 meses sin intereses
2026-08-05 22:21:13,Insta360 GO Ultra,11299,12 meses sin intereses
2026-08-05 22:21:24,Insta360 X5,13699,12 meses sin intereses
